{"building":"Lamberton","room_number":"134","capacity":10}
{"building":"Chandler","room_number":"375","capacity":10}
{"building":"Fairchild","room_number":"145","capacity":27}
{"building":"Nassau","room_number":"45","capacity":92}
{"building":"Grace","room_number":"40","capacity":34}
{"building":"Whitman","room_number":"134","capacity":120}
{"building":"Lamberton","room_number":"143","capacity":10}
{"building":"Taylor","room_number":"812","capacity":115}
{"building":"Saucon","room_number":"113","capacity":109}
{"building":"Painter","room_number":"86","capacity":97}
{"building":"Alumni","room_number":"547","capacity":26}
{"building":"Alumni","room_number":"143","capacity":47}
{"building":"Drown","room_number":"757","capacity":18}
{"building":"Saucon","room_number":"180","capacity":15}
{"building":"Whitman","room_number":"434","capacity":32}
{"building":"Saucon","room_number":"844","capacity":24}
{"building":"Bronfman","room_number":"700","capacity":12}
{"building":"Polya","room_number":"808","capacity":28}
{"building":"Gates","room_number":"707","capacity":65}
{"building":"Gates","room_number":"314","capacity":10}
{"building":"Main","room_number":"45","capacity":30}
{"building":"Taylor","room_number":"183","capacity":71}
{"building":"Power","room_number":"972","capacity":10}
{"building":"Garfield","room_number":"119","capacity":59}
{"building":"Rathbone","room_number":"261","capacity":60}
{"building":"Stabler","room_number":"105","capacity":113}
{"building":"Power","room_number":"717","capacity":12}
{"building":"Main","room_number":"425","capacity":22}
{"building":"Lambeau","room_number":"348","capacity":51}
{"building":"Chandler","room_number":"804","capacity":11}
